transaction ID,items
1,1
1,2
1,3
1,5
1,6
1,7
1,9
1,10
1,11
1,12
1,15
1,16
1,19
1,20
1,22
1,23
1,24
1,25
1,27
1,30
1,32
1,33
1,34
1,35
1,37
1,39
1,42
1,44
1,45
1,46
1,50
1,53
1,54
1,55
1,57
1,58
1,59
1,60
1,62
1,63
1,64
1,65
1,69
1,70
1,71
1,72
1,74
1,75
1,77
1,78
1,79
1,80
1,81
1,82
1,86
1,87
1,89
1,92
1,94
1,95
1,96
1,97
1,100
1,102
1,103
1,104
1,105
1,110
1,112
1,113
1,114
1,116
1,117
1,118
1,119
1,122
1,125
1,127
1,128
1,130
1,132
1,133
1,135
1,136
1,138
1,140
1,141
1,142
1,143
1,146
1,147
1,148
1,149
1,150
1,151
1,152
1,153
1,154
1,157
1,158
1,159
1,161
1,164
1,166
1,168
1,169
1,173
1,174
1,176
1,177
1,181
1,184
1,185
1,187
1,188
1,190
1,192
1,193
1,195
1,196
1,198
1,200
2,2
2,3
2,4
2,6
2,7
2,11
2,12
2,14
2,15
2,19
2,24
2,25
2,26
2,27
2,28
2,29
2,31
2,32
2,33
2,35
2,40
2,42
2,44
2,45
2,46
2,47
2,48
2,50
2,52
2,56
2,59
2,60
2,64
2,65
2,66
2,67
2,71
2,72
2,76
2,79
2,80
2,81
2,82
2,84
2,86
2,87
2,89
2,91
2,92
2,93
2,94
2,95
2,97
2,99
2,100
2,101
2,103
2,104
2,106
2,108
2,109
2,112
2,113
2,115
2,116
2,117
2,121
2,122
2,125
2,126
2,127
2,128
2,131
2,132
2,136
2,138
2,141
2,143
2,144
2,145
2,146
2,147
2,148
2,150
2,151
2,152
2,157
2,158
2,159
2,161
2,163
2,165
2,168
2,171
2,172
2,173
2,174
2,175
2,179
2,181
2,182
2,196
2,199
3,1
3,4
3,5
3,6
3,7
3,8
3,9
3,10
3,13
3,14
3,17
3,18
3,21
3,24
3,25
3,26
3,27
3,28
3,29
3,32
3,33
3,34
3,39
3,44
3,45
3,46
3,47
3,48
3,51
3,52
3,53
3,55
3,57
3,58
3,59
3,60
3,64
3,65
3,66
3,67
3,69
3,70
3,72
3,73
3,75
3,76
3,78
3,79
3,81
3,82
3,85
3,87
3,89
3,92
3,93
3,97
3,98
3,100
3,102
3,103
3,105
3,110
3,112
3,114
3,116
3,117
3,118
3,125
3,127
3,128
3,132
3,133
3,134
3,135
3,141
3,142
3,144
3,145
3,146
3,149
3,150
3,151
3,153
3,154
3,156
3,158
3,161
3,162
3,163
3,165
3,166
3,167
3,169
3,174
3,176
3,178
3,179
3,182
3,186
3,187
3,191
3,194
3,195
4,2
4,3
4,6
4,8
4,10
4,11
4,12
4,15
4,16
4,17
4,18
4,20
4,22
4,24
4,26
4,27
4,28
4,30
4,33
4,34
4,35
4,36
4,37
4,38
4,39
4,41
4,43
4,46
4,48
4,51
4,52
4,56
4,57
4,58
4,60
4,61
4,62
4,68
4,70
4,71
4,72
4,73
4,74
4,80
4,82
4,84
4,85
4,88
4,89
4,90
4,91
4,94
4,95
4,97
4,98
4,100
4,103
4,104
4,105
4,106
4,108
4,109
4,115
4,116
4,119
4,121
4,124
4,129
4,130
4,132
4,133
4,134
4,135
4,137
4,138
4,140
4,141
4,142
4,143
4,144
4,145
4,146
4,147
4,149
4,152
4,153
4,154
4,155
4,156
4,157
4,161
4,165
4,166
4,167
4,168
4,173
4,174
4,175
4,176
4,177
4,179
4,180
4,181
4,184
4,187
4,188
4,190
4,192
4,193
4,194
4,196
4,200
5,3
5,4
5,8
5,9
5,11
5,12
5,16
5,18
5,19
5,22
5,27
5,28
5,30
5,32
5,33
5,34
5,36
5,37
5,38
5,39
5,40
5,41
5,47
5,50
5,51
5,52
5,54
5,55
5,56
5,59
5,60
5,61
5,62
5,64
5,66
5,67
5,71
5,73
5,74
5,76
5,81
5,83
5,86
5,89
5,90
5,92
5,93
5,95
5,96
5,97
5,100
5,101
5,102
5,103
5,105
5,108
5,109
5,111
5,112
5,113
5,114
5,115
5,116
5,124
5,126
5,127
5,130
5,131
5,132
5,134
5,135
5,136
5,138
5,143
5,144
5,146
5,147
5,149
5,150
5,151
5,153
5,154
5,155
5,160
5,161
5,166
5,167
5,169
5,172
5,173
5,175
5,176
5,177
5,180
5,181
5,182
5,183
5,184
5,187
5,188
5,189
5,193
5,194
5,196
5,200
6,2
6,3
6,5
6,7
6,8
6,9
6,12
6,13
6,17
6,21
6,22
6,26
6,28
6,29
6,37
6,39
6,43
6,49
6,50
6,54
6,55
6,58
6,59
6,61
6,63
6,65
6,70
6,71
6,72
6,73
6,75
6,77
6,81
6,82
6,86
6,87
6,88
6,89
6,90
6,94
6,95
6,96
6,97
6,98
6,99
6,102
6,105
6,107
6,108
6,111
6,113
6,115
6,119
6,120
6,121
6,122
6,125
6,126
6,127
6,128
6,130
6,132
6,138
6,139
6,140
6,141
6,142
6,144
6,146
6,147
6,148
6,149
6,150
6,151
6,152
6,153
6,154
6,155
6,157
6,158
6,164
6,165
6,167
6,170
6,172
6,173
6,175
6,176
6,181
6,182
6,183
6,185
6,186
6,187
6,188
6,191
6,192
7,1
7,2
7,5
7,6
7,8
7,10
7,11
7,13
7,14
7,15
7,16
7,17
7,18
7,20
7,21
7,23
7,26
7,28
7,30
7,31
7,32
7,36
7,39
7,42
7,43
7,44
7,48
7,49
7,50
7,51
7,52
7,53
7,54
7,55
7,56
7,57
7,58
7,59
7,60
7,65
7,66
7,68
7,69
7,72
7,73
7,74
7,75
7,78
7,81
7,83
7,85
7,90
7,91
7,92
7,95
7,96
7,97
7,100
7,101
7,103
7,105
7,107
7,110
7,112
7,115
7,116
7,120
7,121
7,122
7,124
7,128
7,129
7,130
7,133
7,135
7,136
7,139
7,140
7,141
7,147
7,148
7,149
7,150
7,153
7,154
7,156
7,157
7,158
7,159
7,166
7,167
7,169
7,170
7,172
7,173
7,175
7,177
7,178
7,179
7,181
7,183
7,185
7,187
7,189
7,190
7,191
7,193
7,194
7,196
8,6
8,9
8,13
8,19
8,20
8,21
8,28
8,29
8,31
8,32
8,35
8,38
8,39
8,40
8,42
8,43
8,44
8,45
8,48
8,51
8,53
8,54
8,55
8,56
8,58
8,60
8,61
8,64
8,68
8,70
8,74
8,77
8,82
8,84
8,87
8,89
8,94
8,96
8,97
8,100
8,101
8,103
8,106
8,111
8,112
8,119
8,120
8,125
8,131
8,132
8,133
8,135
8,139
8,141
8,143
8,144
8,151
8,155
8,156
8,158
8,159
8,165
8,167
8,169
8,171
8,174
8,177
8,183
8,185
8,188
8,190
8,192
8,194
8,195
8,197
8,200
9,2
9,3
9,4
9,6
9,7
9,13
9,14
9,15
9,19
9,21
9,22
9,27
9,29
9,30
9,31
9,32
9,33
9,34
9,35
9,37
9,39
9,40
9,45
9,50
9,51
9,53
9,54
9,55
9,57
9,59
9,62
9,66
9,71
9,72
9,75
9,78
9,81
9,82
9,84
9,85
9,86
9,90
9,91
9,96
9,97
9,98
9,99
9,100
9,101
9,102
9,104
9,105
9,106
9,107
9,109
9,110
9,113
9,114
9,115
9,117
9,119
9,120
9,121
9,122
9,123
9,125
9,126
9,132
9,135
9,136
9,139
9,140
9,141
9,144
9,145
9,147
9,148
9,150
9,152
9,156
9,158
9,159
9,161
9,164
9,166
9,167
9,168
9,173
9,175
9,176
9,177
9,178
9,180
9,182
9,183
9,185
9,186
9,187
9,188
9,189
9,190
9,193
9,194
9,195
9,197
9,198
9,199
9,200
10,1
10,3
10,4
10,5
10,9
10,11
10,12
10,13
10,16
10,20
10,28
10,29
10,34
10,40
10,41
10,42
10,43
10,46
10,47
10,48
10,49
10,51
10,52
10,53
10,54
10,55
10,56
10,57
10,60
10,61
10,62
10,63
10,72
10,74
10,76
10,78
10,79
10,84
10,90
10,91
10,92
10,94
10,97
10,99
10,101
10,102
10,103
10,104
10,105
10,106
10,107
10,108
10,109
10,112
10,113
10,115
10,118
10,119
10,120
10,121
10,122
10,123
10,124
10,126
10,129
10,130
10,133
10,138
10,142
10,145
10,146
10,147
10,148
10,149
10,151
10,153
10,155
10,157
10,158
10,161
10,162
10,163
10,167
10,168
10,171
10,172
10,173
10,174
10,175
10,177
10,182
10,183
10,185
10,190
10,191
10,192
10,193
10,194
10,196
10,197
10,200
11,4
11,5
11,8
11,11
11,12
11,15
11,16
11,17
11,20
11,21
11,23
11,24
11,25
11,28
11,30
11,33
11,34
11,36
11,37
11,41
11,43
11,44
11,45
11,46
11,47
11,48
11,50
11,51
11,53
11,55
11,56
11,60
11,61
11,63
11,64
11,66
11,67
11,72
11,78
11,81
11,82
11,86
11,89
11,91
11,92
11,93
11,94
11,95
11,96
11,97
11,99
11,100
11,104
11,106
11,109
11,113
11,114
11,115
11,116
11,117
11,118
11,121
11,125
11,126
11,128
11,129
11,134
11,135
11,138
11,139
11,140
11,142
11,144
11,145
11,146
11,151
11,153
11,154
11,157
11,158
11,159
11,160
11,161
11,163
11,164
11,165
11,166
11,169
11,170
11,172
11,176
11,177
11,178
11,182
11,184
11,186
11,187
11,188
11,190
11,192
11,193
11,194
11,195
11,196
11,197
11,198
11,199
12,2
12,3
12,4
12,5
12,6
12,7
12,8
12,10
12,11
12,15
12,16
12,17
12,18
12,20
12,21
12,22
12,23
12,25
12,26
12,27
12,28
12,29
12,30
12,32
12,34
12,35
12,38
12,40
12,44
12,46
12,49
12,50
12,51
12,54
12,55
12,56
12,57
12,58
12,59
12,62
12,63
12,64
12,66
12,68
12,70
12,72
12,73
12,75
12,78
12,81
12,83
12,87
12,88
12,89
12,90
12,91
12,93
12,94
12,96
12,99
12,100
12,101
12,102
12,104
12,106
12,107
12,108
12,109
12,111
12,117
12,121
12,122
12,123
12,126
12,128
12,130
12,133
12,135
12,136
12,138
12,139
12,140
12,141
12,143
12,145
12,147
12,150
12,151
12,152
12,156
12,157
12,162
12,164
12,165
12,167
12,168
12,169
12,171
12,172
12,173
12,174
12,177
12,178
12,180
12,181
12,182
12,183
12,184
12,187
12,188
12,189
12,190
12,192
12,198
13,2
13,4
13,7
13,10
13,11
13,12
13,13
13,14
13,16
13,17
13,18
13,19
13,21
13,22
13,27
13,30
13,31
13,33
13,34
13,35
13,37
13,40
13,43
13,45
13,46
13,47
13,48
13,49
13,50
13,52
13,57
13,58
13,59
13,60
13,61
13,63
13,64
13,65
13,67
13,68
13,69
13,70
13,71
13,72
13,73
13,75
13,76
13,78
13,79
13,82
13,83
13,84
13,87
13,88
13,89
13,90
13,92
13,93
13,96
13,98
13,99
13,101
13,102
13,103
13,104
13,105
13,106
13,107
13,109
13,112
13,117
13,121
13,124
13,126
13,127
13,128
13,129
13,131
13,133
13,134
13,136
13,137
13,138
13,145
13,147
13,149
13,150
13,151
13,152
13,154
13,155
13,156
13,160
13,161
13,164
13,166
13,168
13,170
13,171
13,173
13,174
13,175
13,176
13,179
13,183
13,187
13,188
13,189
13,191
13,193
13,194
13,195
13,196
13,200
14,1
14,4
14,6
14,10
14,12
14,15
14,17
14,18
14,22
14,24
14,26
14,27
14,28
14,30
14,32
14,35
14,38
14,39
14,40
14,44
14,48
14,49
14,51
14,53
14,58
14,59
14,61
14,64
14,65
14,66
14,68
14,69
14,70
14,72
14,74
14,75
14,77
14,78
14,80
14,81
14,83
14,84
14,86
14,87
14,89
14,90
14,91
14,93
14,98
14,100
14,102
14,103
14,107
14,108
14,109
14,110
14,111
14,112
14,115
14,119
14,120
14,121
14,122
14,124
14,125
14,126
14,128
14,129
14,131
14,135
14,138
14,142
14,144
14,146
14,147
14,149
14,150
14,152
14,153
14,155
14,156
14,157
14,158
14,159
14,160
14,167
14,169
14,170
14,171
14,172
14,173
14,174
14,175
14,176
14,178
14,182
14,183
14,187
14,188
14,189
14,191
14,196
14,198
14,199
14,200
15,1
15,2
15,3
15,8
15,9
15,10
15,11
15,17
15,18
15,20
15,23
15,26
15,27
15,28
15,29
15,30
15,31
15,33
15,35
15,36
15,37
15,41
15,42
15,43
15,46
15,47
15,48
15,49
15,50
15,52
15,53
15,54
15,57
15,61
15,62
15,63
15,65
15,70
15,71
15,74
15,76
15,78
15,82
15,83
15,87
15,90
15,94
15,95
15,98
15,99
15,102
15,104
15,108
15,111
15,112
15,113
15,114
15,117
15,118
15,119
15,120
15,121
15,122
15,123
15,125
15,127
15,128
15,131
15,133
15,136
15,137
15,139
15,140
15,141
15,143
15,144
15,145
15,146
15,148
15,150
15,153
15,157
15,158
15,160
15,169
15,170
15,173
15,174
15,176
15,181
15,182
15,183
15,184
15,185
15,187
15,188
15,189
15,190
15,194
15,197
15,199
16,1
16,2
16,3
16,4
16,6
16,11
16,15
16,18
16,19
16,24
16,25
16,26
16,27
16,28
16,29
16,34
16,35
16,37
16,41
16,42
16,44
16,46
16,47
16,51
16,52
16,53
16,54
16,59
16,61
16,63
16,64
16,65
16,66
16,67
16,68
16,69
16,70
16,71
16,73
16,74
16,75
16,76
16,77
16,78
16,79
16,80
16,83
16,84
16,86
16,88
16,89
16,90
16,91
16,94
16,95
16,96
16,99
16,100
16,104
16,107
16,108
16,109
16,110
16,111
16,112
16,113
16,120
16,125
16,126
16,128
16,131
16,132
16,133
16,134
16,135
16,136
16,139
16,140
16,141
16,142
16,143
16,144
16,146
16,147
16,150
16,152
16,156
16,157
16,158
16,159
16,161
16,163
16,172
16,174
16,175
16,177
16,180
16,183
16,185
16,189
16,190
16,191
16,192
16,193
16,194
16,198
16,199
17,1
17,2
17,6
17,8
17,10
17,11
17,12
17,13
17,14
17,17
17,19
17,20
17,21
17,22
17,23
17,24
17,26
17,27
17,29
17,31
17,32
17,35
17,38
17,40
17,42
17,47
17,50
17,54
17,55
17,56
17,57
17,58
17,59
17,62
17,63
17,67
17,69
17,70
17,71
17,73
17,76
17,80
17,81
17,84
17,85
17,86
17,87
17,89
17,90
17,92
17,98
17,99
17,101
17,106
17,108
17,109
17,111
17,113
17,114
17,116
17,117
17,118
17,119
17,124
17,126
17,127
17,128
17,131
17,133
17,134
17,137
17,138
17,139
17,141
17,142
17,143
17,144
17,146
17,149
17,151
17,152
17,154
17,156
17,160
17,163
17,168
17,169
17,171
17,172
17,173
17,174
17,178
17,180
17,181
17,182
17,183
17,184
17,185
17,186
17,187
17,188
17,189
17,191
17,194
17,197
17,198
17,199
17,200
18,1
18,2
18,4
18,6
18,8
18,11
18,12
18,15
18,16
18,17
18,19
18,20
18,22
18,27
18,28
18,30
18,31
18,32
18,35
18,36
18,37
18,38
18,42
18,43
18,46
18,49
18,51
18,53
18,54
18,56
18,59
18,61
18,64
18,67
18,69
18,72
18,77
18,86
18,87
18,90
18,91
18,92
18,95
18,96
18,99
18,100
18,103
18,106
18,107
18,108
18,110
18,112
18,114
18,115
18,117
18,118
18,120
18,124
18,126
18,128
18,130
18,133
18,135
18,136
18,138
18,139
18,141
18,144
18,145
18,147
18,149
18,153
18,155
18,156
18,158
18,161
18,162
18,163
18,165
18,166
18,172
18,174
18,175
18,176
18,177
18,178
18,181
18,183
18,185
18,186
18,188
18,190
18,191
18,192
18,194
18,200
19,1
19,2
19,3
19,4
19,8
19,9
19,10
19,12
19,13
19,15
19,17
19,18
19,19
19,20
19,22
19,23
19,24
19,25
19,26
19,27
19,31
19,32
19,33
19,36
19,37
19,38
19,39
19,43
19,46
19,48
19,49
19,51
19,55
19,58
19,60
19,61
19,62
19,64
19,66
19,68
19,69
19,78
19,79
19,80
19,84
19,85
19,87
19,88
19,90
19,92
19,93
19,94
19,96
19,97
19,98
19,99
19,101
19,103
19,106
19,108
19,109
19,111
19,112
19,114
19,117
19,119
19,120
19,121
19,123
19,125
19,128
19,130
19,131
19,140
19,142
19,143
19,144
19,147
19,150
19,152
19,153
19,156
19,160
19,163
19,165
19,166
19,167
19,170
19,171
19,174
19,177
19,179
19,180
19,181
19,182
19,183
19,184
19,185
19,186
19,187
19,190
19,191
19,194
19,196
20,1
20,3
20,4
20,5
20,6
20,9
20,12
20,13
20,14
20,16
20,17
20,18
20,20
20,21
20,22
20,24
20,26
20,27
20,28
20,29
20,30
20,31
20,33
20,34
20,36
20,38
20,41
20,43
20,44
20,47
20,48
20,49
20,50
20,51
20,52
20,53
20,54
20,56
20,60
20,65
20,66
20,67
20,69
20,70
20,72
20,81
20,83
20,85
20,86
20,87
20,91
20,93
20,99
20,100
20,101
20,102
20,104
20,105
20,106
20,109
20,110
20,113
20,114
20,117
20,120
20,121
20,125
20,126
20,127
20,128
20,129
20,134
20,136
20,138
20,140
20,143
20,144
20,145
20,147
20,148
20,153
20,154
20,160
20,162
20,169
20,170
20,171
20,172
20,173
20,176
20,180
20,181
20,182
20,183
20,187
20,190
20,191
20,192
20,194
20,196
20,199
20,200
21,1
21,3
21,4
21,5
21,11
21,12
21,14
21,15
21,17
21,18
21,19
21,20
21,24
21,28
21,29
21,30
21,31
21,32
21,35
21,36
21,38
21,40
21,45
21,49
21,54
21,55
21,56
21,59
21,63
21,68
21,73
21,74
21,75
21,77
21,79
21,80
21,82
21,83
21,84
21,85
21,86
21,88
21,89
21,90
21,91
21,92
21,94
21,99
21,101
21,103
21,105
21,108
21,109
21,110
21,112
21,113
21,114
21,118
21,121
21,123
21,124
21,126
21,127
21,130
21,131
21,132
21,134
21,136
21,140
21,147
21,148
21,149
21,150
21,151
21,155
21,158
21,159
21,161
21,163
21,164
21,165
21,166
21,167
21,171
21,172
21,174
21,175
21,176
21,180
21,182
21,184
21,187
21,192
21,193
21,194
21,195
21,196
21,197
21,199
22,3
22,4
22,5
22,9
22,10
22,11
22,15
22,21
22,26
22,27
22,29
22,30
22,33
22,34
22,35
22,36
22,37
22,39
22,40
22,41
22,42
22,43
22,44
22,45
22,49
22,51
22,53
22,54
22,55
22,57
22,58
22,60
22,63
22,64
22,65
22,67
22,68
22,69
22,70
22,71
22,77
22,80
22,81
22,84
22,85
22,86
22,87
22,88
22,90
22,91
22,93
22,94
22,96
22,99
22,100
22,101
22,103
22,104
22,105
22,106
22,112
22,118
22,119
22,121
22,122
22,123
22,124
22,128
22,130
22,133
22,134
22,137
22,139
22,141
22,142
22,143
22,151
22,152
22,154
22,156
22,157
22,158
22,163
22,166
22,169
22,178
22,179
22,180
22,181
22,183
22,185
22,186
22,187
22,188
22,190
22,192
22,194
22,195
22,198
22,200
23,5
23,8
23,11
23,17
23,18
23,21
23,23
23,24
23,30
23,33
23,34
23,35
23,36
23,37
23,42
23,45
23,47
23,48
23,50
23,54
23,55
23,60
23,61
23,62
23,63
23,64
23,66
23,69
23,70
23,72
23,73
23,76
23,77
23,78
23,89
23,90
23,91
23,94
23,95
23,96
23,99
23,101
23,102
23,103
23,106
23,107
23,109
23,112
23,114
23,116
23,118
23,119
23,120
23,121
23,122
23,123
23,124
23,125
23,126
23,127
23,128
23,129
23,131
23,132
23,133
23,134
23,135
23,137
23,138
23,141
23,142
23,145
23,146
23,147
23,148
23,150
23,151
23,152
23,155
23,156
23,159
23,162
23,163
23,165
23,166
23,167
23,170
23,171
23,172
23,173
23,174
23,175
23,179
23,180
23,183
23,185
23,189
23,190
23,193
23,195
23,197
23,200
24,2
24,4
24,5
24,7
24,8
24,9
24,10
24,11
24,12
24,15
24,16
24,24
24,25
24,26
24,29
24,30
24,35
24,37
24,38
24,42
24,43
24,45
24,46
24,48
24,53
24,57
24,59
24,60
24,61
24,62
24,63
24,66
24,68
24,73
24,74
24,75
24,77
24,80
24,85
24,88
24,92
24,93
24,95
24,96
24,97
24,99
24,102
24,103
24,104
24,105
24,110
24,112
24,113
24,114
24,115
24,116
24,117
24,123
24,125
24,126
24,128
24,130
24,131
24,137
24,138
24,139
24,140
24,142
24,143
24,145
24,147
24,149
24,150
24,156
24,159
24,163
24,165
24,166
24,170
24,172
24,173
24,174
24,175
24,178
24,179
24,180
24,182
24,183
24,186
24,190
24,191
24,195
24,196
24,197
24,199
25,2
25,3
25,5
25,6
25,8
25,15
25,19
25,23
25,25
25,28
25,29
25,31
25,32
25,34
25,35
25,36
25,37
25,40
25,42
25,45
25,47
25,48
25,53
25,54
25,55
25,56
25,58
25,60
25,61
25,64
25,65
25,66
25,70
25,74
25,75
25,76
25,77
25,79
25,80
25,81
25,82
25,86
25,87
25,90
25,91
25,93
25,95
25,96
25,101
25,102
25,103
25,104
25,107
25,108
25,111
25,112
25,113
25,114
25,117
25,118
25,120
25,121
25,123
25,124
25,125
25,126
25,127
25,128
25,129
25,130
25,131
25,132
25,139
25,140
25,142
25,144
25,148
25,151
25,153
25,154
25,158
25,159
25,162
25,163
25,164
25,168
25,173
25,174
25,176
25,177
25,179
25,181
25,183
25,184
25,185
25,186
25,187
25,190
25,191
25,192
25,193
25,196
25,198
25,200
26,1
26,3
26,5
26,8
26,9
26,10
26,12
26,14
26,16
26,21
26,22
26,23
26,24
26,25
26,29
26,30
26,31
26,34
26,35
26,36
26,37
26,38
26,39
26,40
26,41
26,42
26,44
26,47
26,48
26,49
26,50
26,51
26,53
26,54
26,56
26,59
26,60
26,62
26,66
26,67
26,69
26,70
26,71
26,75
26,76
26,80
26,84
26,85
26,86
26,89
26,90
26,91
26,93
26,96
26,100
26,101
26,106
26,107
26,108
26,111
26,117
26,120
26,123
26,124
26,127
26,132
26,136
26,138
26,139
26,140
26,143
26,144
26,145
26,146
26,150
26,153
26,155
26,158
26,159
26,161
26,167
26,168
26,173
26,179
26,181
26,182
26,183
26,184
26,185
26,186
26,187
26,188
26,190
26,193
26,196
26,198
26,199
27,2
27,3
27,4
27,6
27,7
27,10
27,11
27,12
27,15
27,17
27,19
27,21
27,24
27,28
27,31
27,33
27,34
27,36
27,37
27,38
27,40
27,42
27,43
27,44
27,45
27,46
27,47
27,48
27,50
27,51
27,53
27,54
27,55
27,59
27,62
27,63
27,66
27,68
27,69
27,74
27,75
27,76
27,77
27,79
27,84
27,87
27,88
27,90
27,91
27,92
27,94
27,95
27,98
27,106
27,107
27,110
27,112
27,114
27,115
27,117
27,118
27,119
27,122
27,123
27,125
27,128
27,133
27,141
27,143
27,146
27,148
27,154
27,156
27,158
27,159
27,160
27,162
27,163
27,164
27,167
27,169
27,171
27,172
27,173
27,174
27,175
27,176
27,179
27,181
27,182
27,184
27,185
27,187
27,191
27,194
27,195
27,198
27,200
28,1
28,3
28,5
28,8
28,9
28,10
28,11
28,13
28,15
28,17
28,18
28,20
28,21
28,23
28,26
28,27
28,29
28,34
28,35
28,36
28,40
28,41
28,43
28,46
28,47
28,48
28,50
28,57
28,59
28,62
28,63
28,65
28,66
28,67
28,68
28,69
28,73
28,75
28,76
28,79
28,81
28,83
28,88
28,90
28,93
28,94
28,99
28,100
28,104
28,105
28,106
28,107
28,108
28,109
28,111
28,112
28,114
28,115
28,116
28,117
28,119
28,120
28,122
28,123
28,124
28,125
28,127
28,128
28,130
28,131
28,133
28,137
28,138
28,139
28,140
28,142
28,144
28,150
28,151
28,154
28,156
28,157
28,158
28,159
28,160
28,162
28,165
28,175
28,178
28,179
28,180
28,181
28,185
28,188
28,190
28,191
28,192
28,193
28,194
28,195
28,199
29,2
29,3
29,4
29,8
29,10
29,12
29,13
29,14
29,15
29,16
29,19
29,21
29,24
29,26
29,27
29,30
29,31
29,32
29,34
29,37
29,39
29,41
29,44
29,45
29,51
29,54
29,55
29,57
29,59
29,60
29,62
29,63
29,66
29,67
29,70
29,72
29,73
29,76
29,78
29,80
29,81
29,82
29,83
29,87
29,89
29,92
29,94
29,97
29,98
29,100
29,102
29,105
29,106
29,109
29,111
29,112
29,113
29,115
29,116
29,117
29,121
29,123
29,124
29,125
29,126
29,129
29,131
29,132
29,133
29,136
29,140
29,142
29,144
29,147
29,148
29,149
29,150
29,151
29,152
29,153
29,154
29,155
29,156
29,157
29,158
29,159
29,162
29,164
29,165
29,167
29,168
29,170
29,171
29,172
29,173
29,175
29,176
29,179
29,182
29,183
29,186
29,187
29,190
29,191
29,193
29,194
29,198
29,200
30,1
30,2
30,6
30,8
30,10
30,11
30,14
30,15
30,16
30,18
30,19
30,24
30,26
30,30
30,31
30,33
30,34
30,35
30,36
30,37
30,38
30,40
30,41
30,42
30,43
30,45
30,47
30,48
30,49
30,50
30,54
30,58
30,59
30,60
30,63
30,67
30,68
30,70
30,72
30,73
30,75
30,76
30,77
30,78
30,79
30,80
30,81
30,82
30,83
30,84
30,85
30,88
30,89
30,90
30,95
30,96
30,97
30,99
30,100
30,103
30,106
30,107
30,108
30,109
30,110
30,111
30,115
30,116
30,117
30,119
30,120
30,121
30,122
30,126
30,127
30,128
30,129
30,130
30,131
30,133
30,135
30,136
30,138
30,139
30,140
30,143
30,145
30,146
30,149
30,150
30,152
30,153
30,155
30,156
30,157
30,158
30,159
30,160
30,163
30,164
30,165
30,166
30,167
30,170
30,171
30,176
30,178
30,180
30,184
30,185
30,186
30,187
30,189
30,190
30,191
30,192
30,193
30,194
30,195
30,196
30,199
31,2
31,3
31,6
31,9
31,11
31,12
31,13
31,14
31,15
31,17
31,19
31,21
31,22
31,24
31,25
31,26
31,27
31,28
31,30
31,33
31,34
31,36
31,37
31,39
31,40
31,41
31,42
31,44
31,45
31,46
31,48
31,50
31,51
31,53
31,54
31,57
31,58
31,60
31,61
31,62
31,63
31,65
31,67
31,68
31,69
31,70
31,72
31,73
31,78
31,79
31,80
31,81
31,82
31,83
31,85
31,86
31,87
31,89
31,90
31,91
31,93
31,94
31,99
31,100
31,101
31,102
31,106
31,107
31,108
31,112
31,116
31,117
31,118
31,119
31,120
31,123
31,124
31,131
31,132
31,133
31,138
31,139
31,147
31,149
31,151
31,153
31,156
31,157
31,159
31,160
31,162
31,163
31,165
31,166
31,167
31,168
31,169
31,170
31,172
31,173
31,176
31,178
31,179
31,184
31,185
31,189
31,193
31,194
31,195
31,197
32,1
32,8
32,11
32,17
32,18
32,19
32,21
32,22
32,23
32,25
32,33
32,34
32,35
32,36
32,37
32,38
32,39
32,41
32,42
32,43
32,45
32,46
32,47
32,48
32,52
32,54
32,55
32,56
32,57
32,58
32,59
32,64
32,65
32,66
32,67
32,68
32,69
32,70
32,72
32,74
32,75
32,79
32,81
32,85
32,86
32,87
32,88
32,89
32,90
32,91
32,92
32,95
32,97
32,98
32,99
32,100
32,102
32,105
32,107
32,108
32,109
32,110
32,113
32,117
32,120
32,121
32,122
32,125
32,128
32,129
32,130
32,131
32,132
32,133
32,134
32,137
32,141
32,143
32,145
32,146
32,147
32,150
32,151
32,153
32,156
32,157
32,162
32,165
32,166
32,167
32,168
32,169
32,170
32,171
32,175
32,176
32,180
32,183
32,184
32,186
32,190
32,191
32,193
32,194
32,195
32,197
32,199
33,2
33,3
33,5
33,6
33,9
33,11
33,12
33,14
33,15
33,16
33,18
33,19
33,20
33,24
33,26
33,28
33,29
33,30
33,32
33,37
33,39
33,40
33,41
33,43
33,45
33,49
33,50
33,51
33,55
33,56
33,57
33,58
33,59
33,60
33,61
33,63
33,66
33,67
33,71
33,79
33,80
33,82
33,84
33,85
33,86
33,89
33,91
33,92
33,94
33,95
33,96
33,97
33,99
33,104
33,106
33,107
33,113
33,118
33,119
33,121
33,122
33,123
33,124
33,126
33,128
33,129
33,130
33,131
33,135
33,137
33,138
33,139
33,140
33,144
33,146
33,148
33,151
33,153
33,155
33,157
33,160
33,163
33,164
33,166
33,167
33,169
33,171
33,172
33,173
33,175
33,176
33,177
33,179
33,185
33,189
33,192
33,196
33,197
33,199
33,200
34,1
34,2
34,6
34,9
34,10
34,13
34,18
34,19
34,20
34,21
34,22
34,23
34,28
34,30
34,31
34,33
34,34
34,37
34,40
34,43
34,44
34,46
34,48
34,50
34,51
34,53
34,55
34,56
34,57
34,58
34,59
34,61
34,64
34,66
34,67
34,68
34,70
34,75
34,76
34,78
34,80
34,81
34,82
34,83
34,84
34,86
34,88
34,91
34,94
34,95
34,98
34,101
34,102
34,103
34,104
34,105
34,108
34,114
34,115
34,117
34,118
34,119
34,120
34,127
34,128
34,129
34,130
34,134
34,135
34,136
34,138
34,139
34,140
34,142
34,143
34,145
34,147
34,153
34,154
34,155
34,157
34,158
34,159
34,161
34,163
34,164
34,165
34,166
34,167
34,169
34,170
34,171
34,172
34,176
34,177
34,178
34,182
34,183
34,185
34,188
34,189
34,194
34,197
35,1
35,2
35,4
35,7
35,12
35,13
35,14
35,15
35,16
35,17
35,20
35,24
35,28
35,31
35,35
35,36
35,38
35,39
35,40
35,41
35,42
35,44
35,45
35,46
35,53
35,56
35,59
35,60
35,61
35,62
35,63
35,64
35,65
35,66
35,69
35,71
35,72
35,73
35,79
35,81
35,83
35,86
35,88
35,89
35,93
35,96
35,98
35,99
35,100
35,101
35,102
35,103
35,104
35,105
35,106
35,109
35,110
35,113
35,115
35,117
35,119
35,120
35,124
35,125
35,128
35,131
35,132
35,133
35,135
35,136
35,137
35,138
35,139
35,140
35,141
35,146
35,147
35,149
35,151
35,152
35,155
35,156
35,157
35,159
35,160
35,163
35,164
35,167
35,169
35,170
35,171
35,173
35,174
35,175
35,177
35,180
35,181
35,182
35,188
35,190
35,194
35,200
36,1
36,5
36,6
36,8
36,10
36,11
36,12
36,13
36,15
36,16
36,17
36,20
36,21
36,24
36,30
36,31
36,32
36,33
36,36
36,38
36,44
36,45
36,50
36,51
36,52
36,53
36,54
36,55
36,56
36,58
36,61
36,66
36,69
36,71
36,72
36,73
36,74
36,75
36,77
36,80
36,81
36,83
36,84
36,85
36,90
36,92
36,93
36,94
36,96
36,97
36,101
36,102
36,103
36,106
36,109
36,110
36,112
36,113
36,114
36,115
36,116
36,119
36,122
36,124
36,125
36,127
36,129
36,130
36,133
36,137
36,138
36,140
36,144
36,149
36,150
36,151
36,152
36,153
36,155
36,157
36,159
36,164
36,166
36,167
36,173
36,174
36,175
36,176
36,177
36,178
36,181
36,186
36,187
36,188
36,191
36,196
36,197
36,198
36,200
37,2
37,4
37,6
37,7
37,8
37,9
37,10
37,12
37,15
37,21
37,32
37,33
37,36
37,38
37,39
37,40
37,41
37,42
37,43
37,44
37,48
37,49
37,51
37,53
37,56
37,57
37,59
37,60
37,61
37,62
37,65
37,66
37,69
37,70
37,72
37,73
37,74
37,75
37,77
37,78
37,79
37,84
37,85
37,86
37,87
37,89
37,91
37,92
37,95
37,97
37,100
37,104
37,105
37,106
37,108
37,109
37,110
37,111
37,112
37,115
37,116
37,117
37,119
37,120
37,121
37,125
37,128
37,130
37,132
37,135
37,136
37,138
37,140
37,143
37,144
37,149
37,150
37,151
37,152
37,156
37,158
37,160
37,162
37,165
37,169
37,170
37,171
37,173
37,175
37,177
37,178
37,179
37,180
37,182
37,183
37,185
37,186
37,191
37,193
37,195
37,196
37,198
37,199
38,1
38,2
38,5
38,6
38,7
38,8
38,11
38,12
38,13
38,15
38,17
38,18
38,20
38,25
38,26
38,27
38,29
38,30
38,34
38,35
38,39
38,40
38,42
38,44
38,45
38,48
38,50
38,54
38,55
38,61
38,62
38,66
38,68
38,73
38,74
38,76
38,77
38,78
38,79
38,83
38,84
38,85
38,87
38,90
38,94
38,95
38,96
38,97
38,98
38,100
38,102
38,104
38,106
38,112
38,113
38,114
38,116
38,117
38,118
38,119
38,123
38,124
38,125
38,128
38,129
38,130
38,132
38,134
38,135
38,136
38,138
38,139
38,143
38,144
38,146
38,152
38,155
38,158
38,159
38,161
38,163
38,165
38,166
38,167
38,168
38,169
38,170
38,172
38,175
38,179
38,180
38,184
38,186
38,187
38,189
38,195
38,197
38,199
38,200
39,3
39,7
39,11
39,12
39,14
39,16
39,17
39,18
39,19
39,20
39,22
39,23
39,24
39,26
39,27
39,28
39,29
39,30
39,31
39,33
39,35
39,36
39,38
39,39
39,40
39,41
39,42
39,45
39,47
39,50
39,51
39,54
39,55
39,58
39,62
39,64
39,65
39,66
39,67
39,69
39,70
39,71
39,75
39,76
39,78
39,79
39,80
39,82
39,83
39,84
39,86
39,88
39,89
39,90
39,91
39,92
39,95
39,100
39,101
39,103
39,104
39,106
39,107
39,108
39,109
39,110
39,117
39,119
39,121
39,122
39,125
39,126
39,128
39,132
39,133
39,134
39,135
39,136
39,137
39,138
39,140
39,142
39,143
39,145
39,146
39,147
39,148
39,152
39,153
39,155
39,158
39,159
39,162
39,164
39,165
39,167
39,168
39,169
39,172
39,173
39,176
39,178
39,181
39,183
39,184
39,185
39,186
39,188
39,189
39,195
39,197
39,198
39,199
39,200
40,1
40,5
40,6
40,7
40,8
40,11
40,13
40,14
40,15
40,17
40,24
40,25
40,27
40,28
40,29
40,30
40,33
40,34
40,35
40,41
40,42
40,45
40,50
40,52
40,53
40,54
40,55
40,56
40,57
40,61
40,62
40,63
40,64
40,69
40,73
40,76
40,77
40,78
40,79
40,80
40,83
40,85
40,87
40,88
40,91
40,93
40,94
40,97
40,103
40,105
40,106
40,107
40,110
40,113
40,114
40,115
40,118
40,119
40,120
40,121
40,122
40,123
40,124
40,126
40,131
40,133
40,135
40,139
40,141
40,142
40,143
40,145
40,147
40,148
40,149
40,150
40,152
40,155
40,156
40,158
40,161
40,162
40,167
40,170
40,171
40,175
40,177
40,178
40,179
40,183
40,184
40,185
40,186
40,187
40,188
40,190
40,191
40,192
40,193
40,196
40,200
41,1
41,2
41,5
41,6
41,8
41,11
41,13
41,14
41,18
41,20
41,23
41,24
41,25
41,26
41,27
41,30
41,31
41,32
41,33
41,34
41,36
41,37
41,38
41,40
41,42
41,44
41,45
41,49
41,51
41,53
41,58
41,61
41,66
41,67
41,68
41,70
41,71
41,73
41,75
41,77
41,79
41,83
41,84
41,86
41,88
41,91
41,93
41,96
41,97
41,98
41,99
41,100
41,101
41,103
41,105
41,106
41,107
41,109
41,114
41,116
41,117
41,119
41,121
41,126
41,127
41,129
41,131
41,133
41,134
41,142
41,144
41,145
41,147
41,151
41,152
41,153
41,154
41,158
41,160
41,162
41,163
41,164
41,168
41,169
41,170
41,171
41,172
41,173
41,175
41,178
41,179
41,180
41,181
41,183
41,184
41,185
41,186
41,187
41,189
41,190
41,191
41,192
41,194
41,195
41,196
41,199
41,200
42,1
42,3
42,5
42,6
42,7
42,8
42,11
42,13
42,14
42,15
42,16
42,17
42,19
42,22
42,24
42,25
42,28
42,31
42,35
42,36
42,39
42,41
42,42
42,43
42,47
42,49
42,50
42,52
42,56
42,58
42,59
42,60
42,61
42,63
42,65
42,66
42,68
42,69
42,72
42,73
42,81
42,82
42,85
42,90
42,92
42,94
42,97
42,101
42,102
42,105
42,107
42,109
42,113
42,114
42,115
42,116
42,117
42,127
42,128
42,129
42,130
42,131
42,133
42,135
42,139
42,142
42,145
42,147
42,148
42,150
42,151
42,153
42,154
42,155
42,156
42,159
42,160
42,162
42,163
42,164
42,165
42,166
42,169
42,170
42,173
42,174
42,177
42,178
42,179
42,181
42,184
42,190
42,191
42,192
42,194
42,195
42,198
43,4
43,5
43,6
43,7
43,8
43,9
43,11
43,13
43,15
43,16
43,19
43,20
43,22
43,24
43,26
43,27
43,28
43,29
43,30
43,31
43,32
43,35
43,36
43,37
43,39
43,41
43,43
43,45
43,48
43,49
43,50
43,51
43,52
43,54
43,56
43,57
43,59
43,60
43,65
43,66
43,70
43,71
43,72
43,76
43,77
43,79
43,83
43,84
43,88
43,91
43,93
43,94
43,95
43,97
43,98
43,99
43,100
43,101
43,103
43,104
43,105
43,107
43,109
43,111
43,112
43,117
43,118
43,121
43,122
43,123
43,125
43,127
43,132
43,137
43,138
43,141
43,142
43,150
43,155
43,156
43,161
43,162
43,163
43,164
43,165
43,170
43,174
43,176
43,177
43,178
43,183
43,184
43,185
43,187
43,188
43,189
43,190
43,194
44,1
44,2
44,9
44,11
44,13
44,15
44,18
44,19
44,22
44,24
44,25
44,26
44,27
44,28
44,29
44,31
44,32
44,35
44,37
44,39
44,43
44,44
44,46
44,47
44,48
44,50
44,51
44,53
44,57
44,60
44,63
44,66
44,67
44,68
44,69
44,70
44,72
44,73
44,74
44,75
44,78
44,79
44,82
44,83
44,85
44,86
44,87
44,88
44,90
44,93
44,94
44,95
44,97
44,98
44,103
44,104
44,106
44,108
44,110
44,112
44,115
44,119
44,123
44,127
44,128
44,129
44,130
44,131
44,134
44,136
44,140
44,141
44,142
44,143
44,145
44,147
44,149
44,153
44,154
44,156
44,158
44,159
44,161
44,162
44,164
44,168
44,169
44,170
44,171
44,172
44,175
44,177
44,178
44,181
44,182
44,184
44,185
44,186
44,188
44,189
44,193
44,195
44,197
44,198
44,200
45,1
45,2
45,4
45,5
45,8
45,9
45,11
45,12
45,16
45,18
45,19
45,20
45,21
45,22
45,23
45,24
45,27
45,30
45,32
45,33
45,35
45,36
45,38
45,43
45,45
45,46
45,48
45,52
45,54
45,56
45,59
45,60
45,62
45,64
45,67
45,68
45,69
45,71
45,72
45,76
45,79
45,81
45,82
45,84
45,85
45,86
45,89
45,91
45,93
45,95
45,98
45,99
45,100
45,101
45,102
45,103
45,105
45,107
45,109
45,111
45,114
45,115
45,116
45,117
45,118
45,121
45,122
45,123
45,124
45,130
45,132
45,135
45,138
45,139
45,140
45,143
45,145
45,148
45,154
45,157
45,159
45,161
45,162
45,163
45,165
45,166
45,167
45,168
45,172
45,174
45,175
45,179
45,181
45,182
45,183
45,184
45,186
45,187
45,189
45,192
45,195
45,196
45,197
45,198
45,199
46,1
46,3
46,4
46,6
46,9
46,10
46,11
46,13
46,16
46,17
46,19
46,20
46,24
46,27
46,28
46,29
46,34
46,37
46,39
46,42
46,43
46,44
46,46
46,49
46,51
46,53
46,54
46,55
46,56
46,57
46,59
46,61
46,62
46,63
46,64
46,65
46,66
46,69
46,71
46,73
46,75
46,76
46,79
46,81
46,82
46,87
46,89
46,90
46,91
46,98
46,101
46,102
46,104
46,106
46,107
46,108
46,110
46,111
46,112
46,115
46,116
46,118
46,119
46,120
46,122
46,124
46,125
46,127
46,128
46,129
46,131
46,132
46,137
46,138
46,139
46,140
46,143
46,147
46,148
46,150
46,151
46,153
46,154
46,156
46,158
46,163
46,165
46,166
46,168
46,169
46,171
46,172
46,173
46,176
46,177
46,179
46,180
46,184
46,190
46,196
46,197
46,198
47,1
47,2
47,5
47,10
47,17
47,19
47,20
47,21
47,23
47,24
47,29
47,30
47,31
47,34
47,35
47,36
47,38
47,41
47,43
47,45
47,46
47,47
47,49
47,51
47,52
47,54
47,55
47,56
47,57
47,59
47,61
47,63
47,64
47,67
47,73
47,78
47,81
47,82
47,83
47,85
47,87
47,90
47,93
47,96
47,97
47,98
47,99
47,100
47,104
47,105
47,107
47,108
47,110
47,111
47,112
47,113
47,117
47,119
47,121
47,122
47,124
47,127
47,128
47,130
47,131
47,132
47,133
47,134
47,137
47,138
47,140
47,141
47,142
47,143
47,144
47,150
47,153
47,154
47,155
47,156
47,160
47,161
47,164
47,165
47,180
47,181
47,182
47,183
47,184
47,185
47,189
47,190
47,191
47,193
47,199
47,200
48,2
48,7
48,11
48,13
48,15
48,16
48,17
48,18
48,19
48,21
48,22
48,23
48,25
48,26
48,27
48,28
48,29
48,31
48,34
48,35
48,37
48,39
48,45
48,46
48,48
48,49
48,50
48,54
48,55
48,56
48,57
48,59
48,60
48,61
48,63
48,66
48,68
48,69
48,71
48,75
48,77
48,78
48,79
48,81
48,82
48,83
48,84
48,85
48,87
48,88
48,89
48,93
48,97
48,98
48,99
48,101
48,102
48,103
48,105
48,107
48,108
48,109
48,114
48,117
48,118
48,119
48,120
48,122
48,123
48,128
48,131
48,132
48,137
48,138
48,139
48,142
48,143
48,144
48,147
48,150
48,151
48,152
48,153
48,154
48,155
48,156
48,161
48,164
48,167
48,169
48,170
48,171
48,175
48,176
48,177
48,178
48,180
48,184
48,185
48,189
48,190
48,193
48,197
49,1
49,2
49,3
49,7
49,8
49,9
49,14
49,15
49,17
49,23
49,24
49,25
49,26
49,27
49,29
49,31
49,32
49,33
49,35
49,37
49,39
49,42
49,44
49,45
49,47
49,49
49,50
49,51
49,52
49,55
49,58
49,61
49,62
49,63
49,64
49,65
49,67
49,69
49,71
49,75
49,76
49,77
49,78
49,81
49,82
49,84
49,86
49,87
49,88
49,91
49,92
49,93
49,94
49,95
49,96
49,97
49,100
49,101
49,103
49,107
49,109
49,111
49,114
49,120
49,122
49,123
49,127
49,129
49,131
49,136
49,137
49,140
49,142
49,143
49,147
49,148
49,150
49,152
49,153
49,154
49,155
49,156
49,158
49,160
49,161
49,162
49,168
49,169
49,172
49,173
49,176
49,178
49,179
49,180
49,182
49,184
49,185
49,186
49,187
49,191
49,193
49,194
49,196
49,198
49,199
49,200
50,1
50,3
50,6
50,8
50,12
50,15
50,16
50,18
50,19
50,20
50,21
50,22
50,23
50,24
50,27
50,28
50,29
50,32
50,34
50,36
50,37
50,38
50,40
50,41
50,42
50,43
50,44
50,45
50,47
50,49
50,51
50,54
50,55
50,56
50,61
50,62
50,63
50,64
50,65
50,66
50,70
50,74
50,75
50,77
50,81
50,83
50,84
50,89
50,93
50,94
50,96
50,97
50,98
50,99
50,102
50,106
50,107
50,109
50,110
50,112
50,117
50,121
50,123
50,124
50,126
50,128
50,131
50,132
50,133
50,134
50,135
50,137
50,140
50,142
50,145
50,147
50,149
50,150
50,151
50,159
50,161
50,162
50,163
50,166
50,167
50,168
50,171
50,173
50,174
50,175
50,176
50,177
50,180
50,181
50,182
50,183
50,184
50,189
50,193
50,197